name,accuracy@1,accuracy@10,accuracy@3,accuracy@5,map@100,mrr@10,ndcg@10,precision@1,precision@10,precision@3,precision@5,recall@1,recall@10,recall@3,recall@5,searchtime_avg,searchtime_q50,searchtime_q90,searchtime_q95
semantic_bm25,0.015342960288808664,0.13312274368231047,0.0388086642599278,0.06904332129963899,0.06411595859825045,0.040190927454014126,0.06078507191477716,0.015342960288808664,0.013357400722021727,0.012936221419975916,0.013808664259927763,0.015117328519855595,0.131543321299639,0.03790613718411552,0.06768953068592058,0.07423871841155234,0.055,0.169,0.19925
semantic_bm25,0.12184115523465704,0.7748194945848376,0.32265342960288806,0.48826714801444043,0.29297137568883824,0.28079551315110907,0.394047730791347,0.12184115523465704,0.07892599277978092,0.10830324909747402,0.09891696750902361,0.12093862815884476,0.76985559566787,0.3170126353790614,0.48194945848375453,0.0955121841155234,0.089,0.159,0.193
semantic_bm25,0.12364620938628158,0.7856498194945848,0.33574007220216606,0.5018050541516246,0.2996553234543836,0.2879981806200222,0.40267545130669125,0.12364620938628158,0.08014440433212741,0.009900722021660919,0.11311672683513958,0.10189530685920394,0.12206678700361011,0.7818140794223827,0.9645758122743683,0.3310018050541516,0.49684115523465705,0.08628158844765325,0.074,0.164,0.20400000000000001
