name,accuracy@1,accuracy@10,accuracy@3,accuracy@5,map@100,mrr@10,ndcg@10,precision@1,precision@10,precision@3,precision@5,recall@1,recall@10,recall@3,recall@5,searchtime_avg,searchtime_q50,searchtime_q90,searchtime_q95
lexical_dot_product,0.004963898916967509,0.03294223826714802,0.009025270758122744,0.016245487364620937,0.014471290648321903,0.010699064523523004,0.015605792375082719,0.004963898916967509,0.0033393501805054106,0.0030084235860409134,0.003339350180505417,0.004963898916967509,0.03226534296028881,0.008799638989169675,0.01601985559566787,0.013152978339350205,0.009000000000000001,0.031,0.041
