name,accuracy@1,accuracy@10,accuracy@3,accuracy@5,map@100,mrr@10,ndcg@10,precision@1,precision@10,precision@3,precision@5,recall@1,recall@10,recall@3,recall@5,searchtime_avg,searchtime_q50,searchtime_q90,searchtime_q95
semantic_dot_product,0.8163357400722022,0.947202166064982,0.9025270758122743,0.9264440433212996,0.86235851600897,0.8636437381811926,0.8821961694885919,0.8163357400722022,0.09706678700360663,0.3073104693140825,0.18980144404331456,0.8043772563176895,0.9449458483754513,0.8986913357400722,0.924187725631769,0.06544855595667874,0.043000000000000003,0.162,0.189
semantic_dot_product,0.6308664259927798,0.8632671480144405,0.7788808664259927,0.8208483754512635,0.7112985231696342,0.7122016646610503,0.7457339047412949,0.6308664259927798,0.08804151624548436,0.2627858002406723,0.1670577617328465,0.6220667870036101,0.858754512635379,0.7716606498194946,0.815658844765343,0.1863506317689527,0.177,0.263,0.289
