name,accuracy@1,accuracy@10,accuracy@3,accuracy@5,map@100,mrr@10,ndcg@10,precision@1,precision@10,precision@3,precision@5,recall@1,recall@10,recall@3,recall@5,searchtime_avg,searchtime_q50,searchtime_q90,searchtime_q95
semantic_bm25,0.015342960288808664,0.13312274368231047,0.0388086642599278,0.06904332129963899,0.06411595859825045,0.040190927454014126,0.06078507191477716,0.015342960288808664,0.013357400722021727,0.012936221419975916,0.013808664259927763,0.015117328519855595,0.131543321299639,0.03790613718411552,0.06768953068592058,0.07423871841155234,0.055,0.169,0.19925
