name,accuracy@1,accuracy@10,accuracy@3,accuracy@5,map@100,mrr@10,ndcg@10,precision@1,precision@10,precision@3,precision@5,recall@1,recall@10,recall@3,recall@5,searchtime_avg,searchtime_q50,searchtime_q90,searchtime_q95
semantic_fusion,0.8163357400722022,0.947202166064982,0.9025270758122743,0.9264440433212996,0.86235851600897,0.8636437381811926,0.8821961694885919,0.8163357400722022,0.09706678700360663,0.3073104693140825,0.18980144404331456,0.8043772563176895,0.9449458483754513,0.8986913357400722,0.924187725631769,0.08514666064981932,0.059000000000000004,0.2,0.23
