name,accuracy@1,accuracy@10,accuracy@3,accuracy@5,map@100,mrr@10,ndcg@10,precision@1,precision@10,precision@3,precision@5,recall@1,recall@10,recall@3,recall@5,searchtime_avg,searchtime_q50,searchtime_q90,searchtime_q95
hybrid_bm25,0.6340252707581228,0.8393501805054152,0.76985559566787,0.8050541516245487,0.706569077246657,0.707721083319007,0.7361391745219171,0.6340252707581228,0.08555956678700075,0.2606799037304432,0.16389891696750375,0.6234205776173285,0.8343862815884476,0.7637635379061372,0.7994133574007221,0.06514936823104694,0.044,0.1555,0.18425
