name,accuracy@1,accuracy@10,accuracy@3,accuracy@5,map@100,mrr@10,ndcg@10,precision@1,precision@10,precision@3,precision@5,recall@1,recall@10,recall@3,recall@5,searchtime_avg,searchtime_q50,searchtime_q90,searchtime_q95
hybrid_fusion,0.766245487364621,0.9413357400722022,0.8740974729241877,0.9065884476534296,0.8243465728872049,0.8263147527362319,0.8515434305141419,0.766245487364621,0.09638989169674746,0.29648014440433407,0.18528880866425343,0.7542870036101083,0.9384025270758123,0.8689079422382672,0.9032039711191335,0.10474593862815895,0.081,0.227,0.272
