name,accuracy@1,accuracy@10,accuracy@3,accuracy@5,map@100,mrr@10,ndcg@10,precision@1,precision@10,precision@3,precision@5,recall@1,recall@10,recall@3,recall@5,searchtime_avg,searchtime_q50,searchtime_q90,searchtime_q95
hybrid_fusion,0.766245487364621,0.9413357400722022,0.8740974729241877,0.9065884476534296,0.8243465728872049,0.8263147527362319,0.8515434305141419,0.766245487364621,0.09638989169674746,0.29648014440433407,0.18528880866425343,0.7542870036101083,0.9384025270758123,0.8689079422382672,0.9032039711191335,0.10474593862815895,0.081,0.227,0.272
hybrid_fusion,0.5658844765342961,0.848826714801444,0.7287906137184116,0.7892599277978339,0.6619590580810235,0.6607868102114489,0.7031447270207226,0.5658844765342961,0.08650722021660359,0.2460890493381433,0.16046931407941725,0.5570848375451264,0.8445397111913358,0.7222472924187726,0.7836191335740073,0.11429332129963922,0.115,0.15,0.16325
hybrid_fusion,0.5794223826714802,0.8537906137184116,0.7396209386281588,0.7919675090252708,0.6728155383467193,0.6719323033064002,0.7128080348053236,0.5794223826714802,0.08691335740071908,0.009828519855595928,0.24939831528278872,0.1607400722021609,0.5708483754512635,0.8497292418772563,0.9575812274368231,0.7333032490974729,0.786326714801444,0.1103420577617332,0.106,0.152,0.19725
