name,accuracy@1,accuracy@10,accuracy@3,accuracy@5,map@100,mrr@10,ndcg@10,precision@1,precision@10,precision@3,precision@5,recall@1,recall@10,recall@3,recall@5,searchtime_avg,searchtime_q50,searchtime_q90,searchtime_q95
lexical_fusion,0.18501805054151624,0.6574909747292419,0.43501805054151627,0.5537003610108303,0.3403677094653517,0.3345350911122575,0.4100522989426456,0.18501805054151624,0.06705776173285018,0.14666064981949417,0.1125451263537882,0.18050541516245489,0.6529783393501805,0.4293772563176895,0.5487364620938628,0.04460108303249133,0.036000000000000004,0.097,0.117
