name,accuracy@1,accuracy@10,accuracy@3,accuracy@5,map@100,mrr@10,ndcg@10,precision@1,precision@10,precision@3,precision@5,recall@1,recall@10,recall@3,recall@5,searchtime_avg,searchtime_q50,searchtime_q90,searchtime_q95
hybrid_dot_product,0.8172382671480144,0.9476534296028881,0.9029783393501805,0.9268953068592057,0.8630335310510879,0.8643206334880518,0.8828139809716372,0.8172382671480144,0.09711191335739724,0.30746089049338454,0.1898916967508958,0.8052797833935018,0.9453971119133574,0.8991425992779783,0.9246389891696751,0.06920036101083042,0.052500000000000005,0.155,0.186
hybrid_dot_product,0.6371841155234657,0.8736462093862816,0.7883574007220217,0.8312274368231047,0.7192909874687623,0.7200937625350976,0.7542506497598359,0.6371841155234657,0.08907942238266842,0.26594464500601556,0.1691335740072146,0.6283844765342961,0.8691335740072202,0.7811371841155235,0.8260379061371841,0.0896656137184119,0.098,0.117,0.124
