name,accuracy@1,accuracy@10,accuracy@3,accuracy@5,map@100,mrr@10,ndcg@10,precision@1,precision@10,precision@3,precision@5,recall@1,recall@10,recall@3,recall@5,searchtime_avg,searchtime_q50,searchtime_q90,searchtime_q95
lexical_b25,0.6358303249097473,0.8429602888086642,0.776173285198556,0.8082129963898917,0.7102109050405758,0.7112396854048474,0.7399978898762495,0.6358303249097473,0.08587545126353502,0.2624849578820682,0.164440433212991,0.6259025270758123,0.838673285198556,0.7700812274368231,0.8032490974729242,0.08916425992779632,0.027,0.243,0.3735
lexical_b25,0.6344765342960289,0.8388989169675091,0.769404332129964,0.8050541516245487,0.706592798803903,0.7077055039825795,0.736017763878638,0.6344765342960289,0.08551444043321013,0.2605294825511411,0.16389891696750375,0.6238718411552346,0.8339350180505415,0.763312274368231,0.7994133574007221,0.08441651624548539,0.014,0.2485,0.3945
