name,accuracy@1,accuracy@10,accuracy@3,accuracy@5,map@100,mrr@10,ndcg@10,precision@1,precision@10,precision@3,precision@5,recall@1,recall@10,recall@3,recall@5,searchtime_avg,searchtime_q50,searchtime_q90,searchtime_q95
hybrid_dot_product,0.8172382671480144,0.9476534296028881,0.9029783393501805,0.9268953068592057,0.8630335310510879,0.8643206334880518,0.8828139809716372,0.8172382671480144,0.09711191335739724,0.30746089049338454,0.1898916967508958,0.8052797833935018,0.9453971119133574,0.8991425992779783,0.9246389891696751,0.06920036101083042,0.052500000000000005,0.155,0.186
